{"stats":{"minecraft:crafted":{"minecraft:acacia_wood":6,"minecraft:crafting_table":4,"minecraft:wooden_pickaxe":2,"minecraft:furnace":1,"minecraft:iron_chestplate":1,"minecraft:shield":1,"minecraft:iron_axe":1,"minecraft:stick":52,"minecraft:iron_ingot":15,"minecraft:iron_pickaxe":1,"minecraft:stone_pickaxe":2,"minecraft:wooden_axe":1,"minecraft:stone_sword":1,"minecraft:acacia_planks":68,"minecraft:torch":40},"minecraft:mined":{"minecraft:acacia_leaves":10,"minecraft:crafting_table":4,"minecraft:cornflower":1,"minecraft:granite":9,"minecraft:short_grass":126,"minecraft:acacia_log":23,"minecraft:grass_block":7,"minecraft:poppy":5,"minecraft:copper_ore":2,"minecraft:tall_grass":8,"minecraft:lapis_ore":1,"minecraft:diorite":1,"minecraft:wall_torch":1,"minecraft:furnace":2,"minecraft:iron_ore":21,"minecraft:andesite":12,"minecraft:coal_ore":77,"minecraft:pointed_dripstone":31,"minecraft:oak_log":7,"minecraft:sand":10,"minecraft:gravel":6,"minecraft:dripstone_block":1,"minecraft:dirt":9,"minecraft:cobweb":2,"minecraft:stone":177,"minecraft:white_wool":1,"minecraft:fern":2,"minecraft:oak_leaves":4},"minecraft:picked_up":{"minecraft:crafting_table":4,"minecraft:chicken":1,"minecraft:chest_minecart":1,"minecraft:andesite":14,"minecraft:leather":1,"minecraft:flint":1,"minecraft:oak_log":7,"minecraft:dirt":14,"minecraft:cornflower":1,"minecraft:string":5,"minecraft:bone":2,"minecraft:wheat_seeds":8,"minecraft:poppy":5,"minecraft:oak_planks":1,"minecraft:acacia_sapling":1,"minecraft:furnace":2,"minecraft:egg":4,"minecraft:raw_iron":21,"minecraft:oak_fence":2,"minecraft:torch":1,"minecraft:acacia_log":21,"minecraft:gravel":5,"minecraft:sand":6,"minecraft:pointed_dripstone":42,"minecraft:diorite":1,"minecraft:spider_eye":1,"minecraft:arrow":2,"minecraft:granite":9,"minecraft:coal":170,"minecraft:white_wool":2,"minecraft:cobblestone":179},"minecraft:dropped":{"minecraft:oak_planks":1,"minecraft:poppy":1,"minecraft:spider_eye":1},"minecraft:custom":{"minecraft:interact_with_furnace":10,"minecraft:mob_kills":12,"minecraft:interact_with_crafting_table":17,"minecraft:leave_game":4,"minecraft:time_since_death":57985,"minecraft:time_since_rest":58011,"minecraft:sprint_one_cm":211351,"minecraft:damage_taken":1998,"minecraft:walk_one_cm":214465,"minecraft:damage_blocked_by_shield":198,"minecraft:drop":3,"minecraft:damage_dealt":2947,"minecraft:swim_one_cm":3752,"minecraft:fly_one_cm":106783,"minecraft:player_kills":3,"minecraft:crouch_one_cm":2011,"minecraft:play_time":98421,"minecraft:deaths":7,"minecraft:sneak_time":607,"minecraft:walk_under_water_one_cm":4870,"minecraft:jump":895,"minecraft:walk_on_water_one_cm":3226,"minecraft:total_world_time":98421,"minecraft:fall_one_cm":19911},"minecraft:killed_by":{"minecraft:player":3,"minecraft:skeleton":1,"minecraft:creeper":1,"minecraft:spider":1},"minecraft:used":{"minecraft:stone_sword":42,"minecraft:stone_pickaxe":182,"minecraft:wooden_pickaxe":87,"minecraft:shield":8,"minecraft:iron_chestplate":1,"minecraft:white_wool":1,"minecraft:torch":74,"minecraft:dirt":4,"minecraft:crafting_table":6,"minecraft:wooden_axe":1,"minecraft:iron_axe":8,"minecraft:bread":6,"minecraft:iron_pickaxe":79,"minecraft:cobblestone":10,"minecraft:furnace":2,"minecraft:andesite":14,"minecraft:egg":1,"minecraft:pointed_dripstone":5},"minecraft:killed":{"minecraft:spider":4,"minecraft:sheep":2,"minecraft:skeleton":1,"minecraft:zombie":1,"minecraft:chicken":1,"minecraft:cow":1},"minecraft:broken":{"minecraft:stone_pickaxe":1,"minecraft:wooden_pickaxe":1}},"DataVersion":3953}