{"stats":{"minecraft:broken":{"minecraft:stone_pickaxe":1},"minecraft:mined":{"minecraft:farmland":1,"minecraft:deepslate_diamond_ore":1,"minecraft:smoker":2,"minecraft:crafting_table":5,"minecraft:granite":8,"minecraft:grass_block":11,"minecraft:tall_grass":63,"minecraft:cobblestone":1,"minecraft:deepslate_gold_ore":14,"minecraft:wall_torch":1,"minecraft:diorite":13,"minecraft:furnace":3,"minecraft:birch_log":7,"minecraft:iron_ore":6,"minecraft:wheat":43,"minecraft:birch_leaves":1,"minecraft:andesite":4,"minecraft:gold_block":2,"minecraft:grass":230,"minecraft:oak_log":73,"minecraft:coal_ore":75,"minecraft:gravel":5,"minecraft:dirt":55,"minecraft:stone":182,"minecraft:oak_leaves":20,"minecraft:deepslate":54},"minecraft:picked_up":{"minecraft:birch_log":7,"minecraft:crafting_table":6,"minecraft:wheat":41,"minecraft:feather":7,"minecraft:chicken":4,"minecraft:tripwire_hook":2,"minecraft:salmon":10,"minecraft:andesite":4,"minecraft:wooden_pickaxe":4,"minecraft:smoker":4,"minecraft:birch_planks":8,"minecraft:gold_block":6,"minecraft:golden_shovel":1,"minecraft:nether_brick":7,"minecraft:oak_log":109,"minecraft:golden_boots":1,"minecraft:shield":1,"minecraft:gunpowder":6,"minecraft:string":6,"minecraft:dirt":75,"minecraft:name_tag":1,"minecraft:flint_and_steel":1,"minecraft:pufferfish":14,"minecraft:bone":9,"minecraft:apple":4,"minecraft:kelp":103,"minecraft:bow":1,"minecraft:wheat_seeds":135,"minecraft:cobbled_deepslate":52,"minecraft:raw_gold":14,"minecraft:stone_pickaxe":2,"minecraft:iron_pickaxe":2,"minecraft:oak_planks":10,"minecraft:stone_hoe":2,"minecraft:egg":1,"minecraft:furnace":3,"minecraft:stick":25,"minecraft:raw_iron":6,"minecraft:torch":1,"minecraft:gravel":5,"minecraft:dried_kelp":10,"minecraft:diorite":13,"minecraft:crying_obsidian":2,"minecraft:spider_eye":4,"minecraft:stone_sword":3,"minecraft:arrow":18,"minecraft:slime_ball":1,"minecraft:rotten_flesh":11,"minecraft:cooked_cod":1,"minecraft:diamond":1,"minecraft:stone_axe":2,"minecraft:granite":8,"minecraft:fishing_rod":2,"minecraft:oak_sapling":7,"minecraft:netherrack":7,"minecraft:coal":166,"minecraft:cod":27,"minecraft:white_wool":1,"minecraft:cobblestone":214,"minecraft:nautilus_shell":1},"minecraft:custom":{"minecraft:interact_with_furnace":22,"minecraft:mob_kills":41,"minecraft:animals_bred":1,"minecraft:interact_with_crafting_table":28,"minecraft:leave_game":7,"minecraft:time_since_death":28399,"minecraft:time_since_rest":28431,"minecraft:sprint_one_cm":260393,"minecraft:damage_taken":3734,"minecraft:walk_one_cm":234584,"minecraft:damage_blocked_by_shield":610,"minecraft:drop":8,"minecraft:damage_dealt":6242,"minecraft:swim_one_cm":12745,"minecraft:fly_one_cm":495062,"minecraft:player_kills":1,"minecraft:open_chest":2,"minecraft:crouch_one_cm":4972,"minecraft:play_time":111397,"minecraft:deaths":9,"minecraft:sneak_time":5366,"minecraft:walk_under_water_one_cm":10964,"minecraft:jump":2629,"minecraft:walk_on_water_one_cm":13252,"minecraft:fish_caught":34,"minecraft:interact_with_smoker":8,"minecraft:total_world_time":111397,"minecraft:fall_one_cm":96831},"minecraft:dropped":{"minecraft:stone_hoe":1,"minecraft:wheat_seeds":7,"minecraft:oak_planks":7,"minecraft:pufferfish":7,"minecraft:spider_eye":1,"minecraft:wooden_pickaxe":1,"minecraft:nautilus_shell":1,"minecraft:tripwire_hook":2},"minecraft:killed":{"minecraft:zombie_villager":1,"minecraft:spider":5,"minecraft:cod":12,"minecraft:creeper":2,"minecraft:skeleton":7,"minecraft:zombie":11,"minecraft:chicken":3},"minecraft:used":{"minecraft:golden_boots":1,"minecraft:wheat_seeds":83,"minecraft:water_bucket":2,"minecraft:diorite":3,"minecraft:stone_sword":110,"minecraft:stone_shovel":31,"minecraft:stone_pickaxe":179,"minecraft:dried_kelp":29,"minecraft:chest":1,"minecraft:wooden_pickaxe":25,"minecraft:shield":12,"minecraft:stone_hoe":42,"minecraft:cooked_chicken":3,"minecraft:rotten_flesh":2,"minecraft:torch":21,"minecraft:dirt":72,"minecraft:crafting_table":5,"minecraft:golden_shovel":7,"minecraft:smoker":2,"minecraft:apple":2,"minecraft:bread":5,"minecraft:iron_pickaxe":182,"minecraft:fishing_rod":55,"minecraft:stone_axe":92,"minecraft:cobblestone":11,"minecraft:oak_sapling":4,"minecraft:furnace":3,"minecraft:cooked_cod":13,"minecraft:bucket":3,"minecraft:egg":1,"minecraft:cobbled_deepslate":1,"minecraft:bone_meal":15},"minecraft:killed_by":{"minecraft:player":1,"minecraft:skeleton":2,"minecraft:zombie":4},"minecraft:crafted":{"minecraft:cooked_cod":22,"minecraft:oak_planks":44,"minecraft:stone_shovel":1,"minecraft:fishing_rod":1,"minecraft:crafting_table":2,"minecraft:wooden_pickaxe":4,"minecraft:dried_kelp":23,"minecraft:cooked_chicken":3,"minecraft:furnace":2,"minecraft:cooked_salmon":9,"minecraft:bone_meal":15,"minecraft:bucket":1,"minecraft:birch_planks":28,"minecraft:stone_axe":2,"minecraft:bread":11,"minecraft:air":0,"minecraft:stick":28,"minecraft:iron_ingot":6,"minecraft:iron_pickaxe":1,"minecraft:stone_pickaxe":2,"minecraft:stone_sword":2,"minecraft:chest":1,"minecraft:torch":28,"minecraft:stone_hoe":1,"minecraft:smoker":1}},"DataVersion":3465}