{"stats":{"minecraft:mined":{"minecraft:deepslate_redstone_ore":19,"minecraft:tuff":20,"minecraft:deepslate_diamond_ore":11,"minecraft:torch":1,"minecraft:granite":17,"minecraft:short_grass":13,"minecraft:grass_block":4,"minecraft:tall_grass":1,"minecraft:copper_ore":2,"minecraft:deepslate_gold_ore":10,"minecraft:diorite":1,"minecraft:wall_torch":1,"minecraft:raw_iron_block":1,"minecraft:chiseled_deepslate":2,"minecraft:deepslate_lapis_ore":7,"minecraft:oak_log":4,"minecraft:coal_ore":30,"minecraft:deepslate_iron_ore":45,"minecraft:gravel":4,"minecraft:dirt":10,"minecraft:stone":59,"minecraft:oak_leaves":1,"minecraft:deepslate":134},"minecraft:crafted":{"minecraft:cooked_beef":6,"minecraft:oak_planks":16,"minecraft:crafting_table":1,"minecraft:wooden_pickaxe":1,"minecraft:iron_sword":1,"minecraft:furnace":2,"minecraft:stone":3,"minecraft:air":0,"minecraft:diamond_helmet":1,"minecraft:stick":32,"minecraft:iron_ingot":3,"minecraft:stone_pickaxe":2,"minecraft:stone_sword":1,"minecraft:stonecutter":1,"minecraft:torch":108},"minecraft:picked_up":{"minecraft:chiseled_deepslate":3,"minecraft:iron_chestplate":1,"minecraft:cooked_beef":5,"minecraft:glow_ink_sac":1,"minecraft:diamond_sword":1,"minecraft:wooden_pickaxe":1,"minecraft:flint":1,"minecraft:tuff":24,"minecraft:oak_log":4,"minecraft:gunpowder":1,"minecraft:lapis_lazuli":63,"minecraft:dirt":15,"minecraft:raw_copper":6,"minecraft:iron_leggings":1,"minecraft:bone":1,"minecraft:acacia_planks":24,"minecraft:wheat_seeds":1,"minecraft:cobbled_deepslate":132,"minecraft:raw_gold":10,"minecraft:stone_pickaxe":4,"minecraft:oak_planks":3,"minecraft:iron_sword":1,"minecraft:raw_iron":45,"minecraft:torch":9,"minecraft:raw_iron_block":1,"minecraft:gravel":4,"minecraft:diorite":1,"minecraft:redstone":85,"minecraft:arrow":2,"minecraft:stone_sword":2,"minecraft:rotten_flesh":4,"minecraft:diamond":11,"minecraft:granite":17,"minecraft:bread":16,"minecraft:coal":30,"minecraft:cobblestone":67,"minecraft:diamond_pickaxe":3},"minecraft:dropped":{"minecraft:stone_sword":1,"minecraft:chiseled_deepslate":1,"minecraft:dirt":1,"minecraft:torch":6,"minecraft:diamond_pickaxe":2,"minecraft:stone_pickaxe":2,"minecraft:acacia_planks":10},"minecraft:custom":{"minecraft:interact_with_furnace":12,"minecraft:mob_kills":8,"minecraft:interact_with_crafting_table":14,"minecraft:interact_with_stonecutter":2,"minecraft:interact_with_grindstone":2,"minecraft:leave_game":1,"minecraft:time_since_death":52467,"minecraft:time_since_rest":52717,"minecraft:sprint_one_cm":5301,"minecraft:damage_taken":1246,"minecraft:walk_one_cm":229195,"minecraft:drop":14,"minecraft:damage_dealt":1500,"minecraft:fly_one_cm":5447,"minecraft:open_chest":4,"minecraft:crouch_one_cm":1639,"minecraft:play_time":61110,"minecraft:deaths":1,"minecraft:sneak_time":910,"minecraft:walk_under_water_one_cm":3368,"minecraft:jump":648,"minecraft:walk_on_water_one_cm":5296,"minecraft:total_world_time":61110,"minecraft:fall_one_cm":9504},"minecraft:killed_by":{"minecraft:player":1},"minecraft:used":{"minecraft:stone_sword":7,"minecraft:chiseled_deepslate":66,"minecraft:stone_pickaxe":143,"minecraft:wooden_pickaxe":11,"minecraft:iron_sword":8,"minecraft:stonecutter":1,"minecraft:rotten_flesh":3,"minecraft:iron_chestplate":1,"minecraft:torch":86,"minecraft:crafting_table":1,"minecraft:granite":4,"minecraft:diamond_pickaxe":211,"minecraft:bread":3,"minecraft:diamond_sword":33,"minecraft:cobblestone":1,"minecraft:furnace":2,"minecraft:cooked_beef":6},"minecraft:killed":{"minecraft:creeper":1,"minecraft:skeleton":1,"minecraft:zombie":5,"minecraft:chicken":1}},"DataVersion":3953}