{"stats":{"minecraft:broken":{"minecraft:wooden_axe":2},"minecraft:mined":{"minecraft:birch_log":44,"minecraft:birch_leaves":16,"minecraft:dandelion":1,"minecraft:powder_snow":18,"minecraft:torch":1,"minecraft:grass":173,"minecraft:grass_block":97,"minecraft:oak_log":78,"minecraft:dirt":50,"minecraft:tall_grass":28,"minecraft:stone":3,"minecraft:oxeye_daisy":1,"minecraft:oak_leaves":46},"minecraft:picked_up":{"minecraft:wooden_axe":1,"minecraft:birch_log":78,"minecraft:stick":25,"minecraft:torch":2,"minecraft:wooden_pickaxe":2,"minecraft:quartz":8,"minecraft:dandelion":1,"minecraft:red_mushroom":2,"minecraft:oak_log":87,"minecraft:dirt":238,"minecraft:bone":2,"minecraft:rotten_flesh":6,"minecraft:apple":1,"minecraft:wheat_seeds":51,"minecraft:oak_sapling":18,"minecraft:birch_sapling":9,"minecraft:oak_planks":197,"minecraft:egg":3,"minecraft:cobblestone":4,"minecraft:oxeye_daisy":1},"minecraft:custom":{"minecraft:time_since_rest":1522,"minecraft:sprint_one_cm":230706,"minecraft:damage_taken":2897,"minecraft:walk_one_cm":444775,"minecraft:mob_kills":2,"minecraft:drop":2,"minecraft:animals_bred":2,"minecraft:damage_dealt":288,"minecraft:swim_one_cm":33113,"minecraft:interact_with_crafting_table":10,"minecraft:fly_one_cm":42879,"minecraft:open_chest":3,"minecraft:crouch_one_cm":66,"minecraft:play_time":119941,"minecraft:deaths":11,"minecraft:sneak_time":558,"minecraft:walk_under_water_one_cm":12419,"minecraft:jump":1329,"minecraft:leave_game":4,"minecraft:time_since_death":1491,"minecraft:walk_on_water_one_cm":24158,"minecraft:total_world_time":119941,"minecraft:fall_one_cm":20968},"minecraft:dropped":{"minecraft:wheat_seeds":1,"minecraft:quartz":8},"minecraft:killed":{"minecraft:skeleton":1},"minecraft:used":{"minecraft:oak_fence":21,"minecraft:wooden_axe":119,"minecraft:birch_sapling":4,"minecraft:chest":1,"minecraft:wooden_pickaxe":63,"minecraft:torch":1,"minecraft:dirt":18,"minecraft:crafting_table":3,"minecraft:oak_sapling":12,"minecraft:egg":3,"minecraft:oak_fence_gate":1},"minecraft:killed_by":{"minecraft:skeleton":2,"minecraft:creeper":2,"minecraft:zombie":3},"minecraft:crafted":{"minecraft:oak_fence_gate":1,"minecraft:oak_planks":210,"minecraft:crafting_table":3,"minecraft:stick":56,"minecraft:wooden_pickaxe":1,"minecraft:wooden_axe":2,"minecraft:chest":1,"minecraft:oak_fence":21}},"DataVersion":3465}