{"stats":{"minecraft:used":{"minecraft:dirt":5},"minecraft:custom":{"minecraft:time_since_rest":11938,"minecraft:damage_taken":465,"minecraft:play_time":14987,"minecraft:sprint_one_cm":40829,"minecraft:deaths":1,"minecraft:walk_one_cm":76656,"minecraft:walk_under_water_one_cm":2066,"minecraft:jump":167,"minecraft:damage_dealt":16,"minecraft:leave_game":4,"minecraft:walk_on_water_one_cm":4884,"minecraft:time_since_death":11893,"minecraft:climb_one_cm":90,"minecraft:total_world_time":14987,"minecraft:fall_one_cm":1558,"minecraft:fly_one_cm":7502},"minecraft:killed_by":{"minecraft:creeper":1},"minecraft:mined":{"minecraft:grass":22,"minecraft:oak_log":6,"minecraft:dandelion":1,"minecraft:oak_leaves":6,"minecraft:fern":8},"minecraft:picked_up":{"minecraft:wheat_seeds":2,"minecraft:dandelion":1,"minecraft:oak_log":6,"minecraft:oak_sapling":1,"minecraft:dirt":15}},"DataVersion":3465}