{"stats":{"minecraft:picked_up":{"minecraft:crafting_table":2,"minecraft:bone":2,"minecraft:andesite":2,"minecraft:wheat_seeds":20,"minecraft:cobbled_deepslate":2,"minecraft:porkchop":2,"minecraft:poppy":1,"minecraft:spider_eye":1,"minecraft:iron_sword":1,"minecraft:dirt":5,"minecraft:furnace":1,"minecraft:egg":3},"minecraft:mined":{"minecraft:short_grass":83,"minecraft:grass_block":1,"minecraft:tall_grass":13,"minecraft:oak_leaves":4},"minecraft:dropped":{"minecraft:iron_sword":1,"minecraft:crafting_table":2},"minecraft:custom":{"minecraft:time_since_rest":45685,"minecraft:interact_with_furnace":1,"minecraft:crouch_one_cm":618,"minecraft:play_time":151164,"minecraft:sprint_one_cm":97736,"minecraft:damage_taken":4278,"minecraft:walk_one_cm":379874,"minecraft:deaths":15,"minecraft:sneak_time":5143,"minecraft:walk_under_water_one_cm":917,"minecraft:mob_kills":1,"minecraft:drop":3,"minecraft:jump":978,"minecraft:damage_dealt":826,"minecraft:leave_game":7,"minecraft:walk_on_water_one_cm":1726,"minecraft:time_since_death":45639,"minecraft:total_world_time":151164,"minecraft:interact_with_crafting_table":1,"minecraft:fall_one_cm":20727,"minecraft:fly_one_cm":290021,"minecraft:player_kills":2},"minecraft:killed_by":{"minecraft:skeleton":1,"minecraft:spider":4,"minecraft:zombie":4,"minecraft:player":3,"minecraft:enderman":1}},"DataVersion":3953}