{"stats":{"minecraft:broken":{"minecraft:stone_axe":2},"minecraft:mined":{"minecraft:nether_gold_ore":17,"minecraft:white_bed":4,"minecraft:kelp_plant":24,"minecraft:crafting_table":8,"minecraft:torch":2,"minecraft:granite":1,"minecraft:grass_block":10,"minecraft:chest":1,"minecraft:nether_quartz_ore":8,"minecraft:kelp":6,"minecraft:diorite":3,"minecraft:wall_torch":2,"minecraft:birch_planks":38,"minecraft:magma_block":1,"minecraft:furnace":3,"minecraft:birch_log":12,"minecraft:iron_ore":28,"minecraft:fire":19,"minecraft:wheat":3,"minecraft:andesite":1,"minecraft:grass":17,"minecraft:coal_ore":50,"minecraft:oak_log":17,"minecraft:gravel":1,"minecraft:dirt":12,"minecraft:stone":42,"minecraft:netherrack":72,"minecraft:oak_leaves":4},"minecraft:picked_up":{"minecraft:birch_log":12,"minecraft:magma_block":1,"minecraft:crafting_table":8,"minecraft:wheat":2,"minecraft:feather":2,"minecraft:splash_potion":1,"minecraft:chicken":6,"minecraft:andesite":6,"minecraft:leather":15,"minecraft:red_mushroom":2,"minecraft:birch_planks":38,"minecraft:golden_shovel":4,"minecraft:flint":1,"minecraft:nether_brick":35,"minecraft:oak_log":17,"minecraft:golden_boots":4,"minecraft:gunpowder":3,"minecraft:dirt":33,"minecraft:white_banner":1,"minecraft:flint_and_steel":5,"minecraft:bone":3,"minecraft:kelp":411,"minecraft:wheat_seeds":10,"minecraft:gold_nugget":75,"minecraft:beef":8,"minecraft:stone_pickaxe":1,"minecraft:chest":1,"minecraft:oak_planks":43,"minecraft:furnace":3,"minecraft:stick":2,"minecraft:raw_iron":28,"minecraft:torch":4,"minecraft:quartz":40,"minecraft:dandelion":1,"minecraft:porkchop":20,"minecraft:gravel":11,"minecraft:dried_kelp":5,"minecraft:diorite":3,"minecraft:white_bed":4,"minecraft:crying_obsidian":10,"minecraft:arrow":4,"minecraft:rotten_flesh":13,"minecraft:stone_axe":1,"minecraft:crossbow":2,"minecraft:granite":1,"minecraft:mutton":9,"minecraft:netherrack":92,"minecraft:obsidian":2,"minecraft:coal":51,"minecraft:white_wool":9,"minecraft:cobblestone":45,"minecraft:oxeye_daisy":1},"minecraft:custom":{"minecraft:interact_with_furnace":45,"minecraft:mob_kills":59,"minecraft:interact_with_crafting_table":29,"minecraft:leave_game":2,"minecraft:time_since_death":814,"minecraft:sleep_in_bed":3,"minecraft:climb_one_cm":1892,"minecraft:time_since_rest":834,"minecraft:sprint_one_cm":158580,"minecraft:damage_taken":2619,"minecraft:walk_one_cm":252520,"minecraft:damage_blocked_by_shield":1830,"minecraft:drop":35,"minecraft:damage_dealt":11106,"minecraft:swim_one_cm":22935,"minecraft:fly_one_cm":282356,"minecraft:player_kills":1,"minecraft:open_chest":8,"minecraft:crouch_one_cm":7093,"minecraft:play_time":111792,"minecraft:deaths":7,"minecraft:sneak_time":3987,"minecraft:walk_under_water_one_cm":12148,"minecraft:jump":1882,"minecraft:walk_on_water_one_cm":13684,"minecraft:total_world_time":111792,"minecraft:fall_one_cm":42511},"minecraft:dropped":{"minecraft:wheat_seeds":1,"minecraft:rotten_flesh":2,"minecraft:red_mushroom":2,"minecraft:dirt":2,"minecraft:shield":1,"minecraft:dried_kelp":10,"minecraft:gold_nugget":6,"minecraft:wooden_pickaxe":1,"minecraft:quartz":8,"minecraft:gold_ingot":7},"minecraft:killed":{"minecraft:piglin":1,"minecraft:pig":6,"minecraft:zombie_villager":1,"minecraft:spider":1,"minecraft:hoglin":3,"minecraft:skeleton":4,"minecraft:sheep":5,"minecraft:pillager":14,"minecraft:zombie":10,"minecraft:donkey":4,"minecraft:chicken":2,"minecraft:cow":5},"minecraft:used":{"minecraft:golden_boots":2,"minecraft:cooked_mutton":3,"minecraft:water_bucket":3,"minecraft:flint_and_steel":7,"minecraft:birch_planks":43,"minecraft:stone_pickaxe":207,"minecraft:dried_kelp":68,"minecraft:shield":45,"minecraft:wooden_pickaxe":20,"minecraft:rotten_flesh":2,"minecraft:netherrack":50,"minecraft:torch":12,"minecraft:dirt":22,"minecraft:mutton":2,"minecraft:crafting_table":8,"minecraft:white_bed":4,"minecraft:golden_shovel":9,"minecraft:obsidian":2,"minecraft:crying_obsidian":1,"minecraft:stone_axe":190,"minecraft:golden_sword":7,"minecraft:magma_block":1,"minecraft:cobblestone":11,"minecraft:furnace":4,"minecraft:porkchop":2,"minecraft:bucket":4,"minecraft:andesite":6,"minecraft:bone_meal":3,"minecraft:dandelion":1,"minecraft:splash_potion":1},"minecraft:killed_by":{"minecraft:player":1,"minecraft:hoglin":1,"minecraft:spider":2,"minecraft:zombie":1,"minecraft:pillager":2},"minecraft:crafted":{"minecraft:cooked_beef":6,"minecraft:oak_planks":68,"minecraft:cooked_porkchop":4,"minecraft:crafting_table":2,"minecraft:dried_kelp":77,"minecraft:wooden_pickaxe":2,"minecraft:iron_helmet":1,"minecraft:furnace":2,"minecraft:bone_meal":3,"minecraft:bucket":1,"minecraft:birch_planks":48,"minecraft:stone_axe":4,"minecraft:cooked_mutton":5,"minecraft:air":0,"minecraft:flint_and_steel":1,"minecraft:iron_chestplate":1,"minecraft:shield":2,"minecraft:stick":32,"minecraft:iron_ingot":29,"minecraft:iron_pickaxe":1,"minecraft:stone_pickaxe":2,"minecraft:gold_ingot":7,"minecraft:iron_leggings":1,"minecraft:white_bed":1,"minecraft:torch":8}},"DataVersion":3465}