{"stats":{"minecraft:crafted":{"minecraft:oak_planks":24,"minecraft:furnace":1,"minecraft:cooked_mutton":4,"minecraft:diamond_helmet":1,"minecraft:iron_boots":1,"minecraft:iron_axe":2,"minecraft:stone_pickaxe":1,"minecraft:chest":2,"minecraft:wheat":255,"minecraft:cooked_beef":14,"minecraft:diamond_sword":2,"minecraft:cooked_porkchop":24,"minecraft:crafting_table":2,"minecraft:wooden_pickaxe":1,"minecraft:iron_sword":1,"minecraft:birch_planks":20,"minecraft:hay_block":12,"minecraft:stone_axe":1,"minecraft:bread":61,"minecraft:air":0,"minecraft:iron_chestplate":2,"minecraft:diamond_pickaxe":2,"minecraft:shield":1,"minecraft:stick":28,"minecraft:iron_ingot":79,"minecraft:iron_pickaxe":2,"minecraft:stone_sword":1,"minecraft:iron_leggings":2,"minecraft:acacia_planks":32,"minecraft:torch":44},"minecraft:mined":{"minecraft:tuff":15,"minecraft:deepslate_diamond_ore":30,"minecraft:obsidian":9,"minecraft:granite":33,"minecraft:acacia_log":8,"minecraft:grass_block":2,"minecraft:hay_block":64,"minecraft:furnace":5,"minecraft:iron_ore":29,"minecraft:cobbled_deepslate":1,"minecraft:andesite":33,"minecraft:deepslate_lapis_ore":13,"minecraft:vine":1,"minecraft:deepslate_iron_ore":54,"minecraft:stone":121,"minecraft:deepslate_redstone_ore":1,"minecraft:crafting_table":8,"minecraft:torch":1,"minecraft:short_grass":50,"minecraft:melon":6,"minecraft:dead_bush":5,"minecraft:tall_grass":3,"minecraft:cobblestone":1,"minecraft:grindstone":1,"minecraft:diorite":1,"minecraft:wall_torch":1,"minecraft:white_terracotta":181,"minecraft:birch_log":5,"minecraft:wheat":30,"minecraft:oak_log":6,"minecraft:coal_ore":46,"minecraft:dirt":1,"minecraft:gravel":4,"minecraft:oak_leaves":2,"minecraft:deepslate":27},"minecraft:picked_up":{"minecraft:crafting_table":7,"minecraft:wheat":36,"minecraft:chicken":2,"minecraft:string":2,"minecraft:cobbled_deepslate":48,"minecraft:beef":20,"minecraft:iron_pickaxe":1,"minecraft:melon_slice":24,"minecraft:sugar_cane":1,"minecraft:furnace":5,"minecraft:raw_iron":92,"minecraft:stick":17,"minecraft:torch":2,"minecraft:acacia_log":8,"minecraft:porkchop":24,"minecraft:diorite":2,"minecraft:redstone":15,"minecraft:arrow":13,"minecraft:stone_sword":2,"minecraft:rotten_flesh":12,"minecraft:hay_block":64,"minecraft:white_terracotta":180,"minecraft:mutton":4,"minecraft:obsidian":9,"minecraft:cobblestone":165,"minecraft:white_wool":3,"minecraft:birch_log":5,"minecraft:feather":4,"minecraft:cooked_beef":5,"minecraft:salmon":11,"minecraft:andesite":29,"minecraft:leather":6,"minecraft:tuff":4,"minecraft:oak_log":6,"minecraft:gunpowder":2,"minecraft:lapis_lazuli":59,"minecraft:dirt":10,"minecraft:bone":18,"minecraft:acacia_planks":10,"minecraft:wheat_seeds":99,"minecraft:stone_pickaxe":2,"minecraft:iron_ingot":9,"minecraft:grindstone":1,"minecraft:iron_sword":1,"minecraft:oak_planks":7,"minecraft:cooked_porkchop":4,"minecraft:gravel":3,"minecraft:diamond":35,"minecraft:stone_axe":1,"minecraft:granite":33,"minecraft:bone_meal":1,"minecraft:coal":53},"minecraft:dropped":{"minecraft:bread":16,"minecraft:iron_sword":1,"minecraft:wheat_seeds":62,"minecraft:cooked_beef":5,"minecraft:iron_leggings":1,"minecraft:bone_meal":1,"minecraft:acacia_planks":24,"minecraft:stone_sword":1,"minecraft:oak_planks":3,"minecraft:diamond_sword":1,"minecraft:diamond_pickaxe":1,"minecraft:iron_chestplate":1,"minecraft:stone_pickaxe":1,"minecraft:wooden_pickaxe":1},"minecraft:custom":{"minecraft:mob_kills":65,"minecraft:interact_with_crafting_table":42,"minecraft:leave_game":3,"minecraft:time_since_death":97410,"minecraft:climb_one_cm":515,"minecraft:sprint_one_cm":236681,"minecraft:walk_one_cm":289424,"minecraft:damage_blocked_by_shield":195,"minecraft:drop":34,"minecraft:play_time":117019,"minecraft:deaths":1,"minecraft:sneak_time":2397,"minecraft:walk_under_water_one_cm":16785,"minecraft:jump":2387,"minecraft:walk_on_water_one_cm":26843,"minecraft:total_world_time":117019,"minecraft:interact_with_furnace":56,"minecraft:interact_with_grindstone":1,"minecraft:time_since_rest":97437,"minecraft:damage_taken":2700,"minecraft:damage_dealt":9878,"minecraft:swim_one_cm":46591,"minecraft:fly_one_cm":456605,"minecraft:player_kills":2,"minecraft:open_chest":38,"minecraft:crouch_one_cm":4621,"minecraft:fall_one_cm":59177,"minecraft:horse_one_cm":12733},"minecraft:killed_by":{"minecraft:skeleton":1},"minecraft:used":{"minecraft:stone_sword":20,"minecraft:chest":2,"minecraft:shield":2,"minecraft:iron_sword":138,"minecraft:rotten_flesh":1,"minecraft:torch":43,"minecraft:dirt":8,"minecraft:tuff":2,"minecraft:iron_axe":72,"minecraft:furnace":6,"minecraft:cooked_beef":7,"minecraft:cobbled_deepslate":16,"minecraft:wheat_seeds":28,"minecraft:water_bucket":5,"minecraft:diorite":1,"minecraft:stone_pickaxe":77,"minecraft:wooden_pickaxe":3,"minecraft:crafting_table":8,"minecraft:diamond_pickaxe":104,"minecraft:melon_slice":3,"minecraft:bread":21,"minecraft:iron_pickaxe":424,"minecraft:stone_axe":21,"minecraft:diamond_sword":76,"minecraft:cobblestone":35,"minecraft:cooked_porkchop":11,"minecraft:grindstone":1,"minecraft:bucket":6,"minecraft:andesite":22},"minecraft:broken":{"minecraft:iron_pickaxe":1},"minecraft:killed":{"minecraft:spider":1,"minecraft:skeleton":7,"minecraft:chicken":1,"minecraft:pig":9,"minecraft:zombie_villager":1,"minecraft:salmon":10,"minecraft:creeper":4,"minecraft:sheep":3,"minecraft:zombie":18,"minecraft:cow":8}},"DataVersion":3953}